Channel_name,Subscribers,views,video_count,playlist_id,Column1,Column2,Column3
ZAmericanEnglish,10100000,503715148,701,UUHrD4qdeQc1BbpG6EPqDBcA,,,
freeCodeCamp.org,8180000,582107476,1491,UU8butISFwT-Wl7EV0hUK0BQ,,,
دروس أونلاين,7380000,386341914,565,UUEHvaZ336u7TIsUQ2c6SAeQ,,,
Google for Developers,2300000,234588245,5815,UU_x5XG1OV2P6uZZ5FSM9Ttw,,,
مزامير الفرقان - ياسر الدوسري,1380000,236222018,2030,UUCoB7Hf8gjQzpAyzhvx7Ktg,,,
Elzero Web School,1250000,132399495,2713,UUSNkfKl4cU-55Nm-ovsvOHQ,,,
Mohammad Elghaleez,1180000,70144227,2593,UU87hmYpPnVdgmv4bvs0V-eg,,,
Mr Mohamed AbdelMaaboud,722000,49210043,241,UUuFTsaKokXaSn3LlbvA9tdg,,,
Codezilla,714000,27113327,158,UUveX_0uBOHVHbpV838OGXVA,,,
Alex The Analyst,555000,22616920,236,UU7cs8q-gJRlGwj4A8OmCmXg,,,
IBM Technology,517000,26906315,741,UUKWaEZ-_VweaEx1j62do_vQ,,,
Mohamed Al Assaal - اتعلم مع العسال,418000,16541509,508,UUIchWfEE4FevYhRh9HXsSbw,,,
غريب الشيخ || Ghareeb Elshaikh,193000,6097497,141,UUnGblT_CyMwswTIH9QmJ3YQ,,,
Mustafa Othman,119000,4020297,357,UUITfscBBm40O9MgtqiQC00w,,,
Arabic Competitive Programming,92500,4487400,447,UU8OxKsmAyrGAfBiluhpLkbA,,,
Mohamed Elsherif,72400,1638450,200,UUi9DV7ai7a8-XgRt5iH9d7Q,,,
Mohamed Abusrea - محمد أبوسريع,54800,687505,72,UUJu5uNExWKx1Vrv6Ah5SHfA,,,
CMU Database Group,52900,2892259,399,UUHnBsf2rH-K7pn09rb3qvkA,,,
Alan Spicer,52500,12712080,1013,UUkhh_JEXUpT9mAJHOATkIeg,,,
Metwally Labs,46300,947124,72,UUQFR7eBvWA0yaX60TaxZnMw,,,
Omar Ahmed,23500,815153,131,UUYiZceCCbaRLP27U5RXRHog,,,
درة الاكواد لابن حماد,21700,196216,10,UUFBuqAGEoQep87-oz27yjfQ,,,
Ahmed Elemam,19500,360389,87,UUYmPRHG8l6LMihiIV6xPhag,,,
